<?xml version="1.0" encoding="UTF-8"?>

<mule xmlns:db="http://www.mulesoft.org/schema/mule/db" xmlns:data-mapper="http://www.mulesoft.org/schema/mule/ee/data-mapper" xmlns:batch="http://www.mulesoft.org/schema/mule/batch" xmlns:tracking="http://www.mulesoft.org/schema/mule/ee/tracking" xmlns:json="http://www.mulesoft.org/schema/mule/json"
	xmlns:sfdc="http://www.mulesoft.org/schema/mule/sfdc"
	xmlns:http="http://www.mulesoft.org/schema/mule/http"
	xmlns:file="http://www.mulesoft.org/schema/mule/file"
	xmlns="http://www.mulesoft.org/schema/mule/core" xmlns:doc="http://www.mulesoft.org/schema/mule/documentation"
	xmlns:spring="http://www.springframework.org/schema/beans" 
	xmlns:xsi="http://www.w3.org/2001/XMLSchema-instance"
	xsi:schemaLocation="http://www.mulesoft.org/schema/mule/json http://www.mulesoft.org/schema/mule/json/current/mule-json.xsd
http://www.mulesoft.org/schema/mule/sfdc http://www.mulesoft.org/schema/mule/sfdc/current/mule-sfdc.xsd
http://www.mulesoft.org/schema/mule/http http://www.mulesoft.org/schema/mule/http/current/mule-http.xsd
http://www.mulesoft.org/schema/mule/file http://www.mulesoft.org/schema/mule/file/current/mule-file.xsd
http://www.springframework.org/schema/beans http://www.springframework.org/schema/beans/spring-beans-current.xsd
http://www.mulesoft.org/schema/mule/core http://www.mulesoft.org/schema/mule/core/current/mule.xsd
http://www.mulesoft.org/schema/mule/ee/data-mapper http://www.mulesoft.org/schema/mule/ee/data-mapper/current/mule-data-mapper.xsd
http://www.mulesoft.org/schema/mule/batch http://www.mulesoft.org/schema/mule/batch/current/mule-batch.xsd
http://www.mulesoft.org/schema/mule/ee/tracking http://www.mulesoft.org/schema/mule/ee/tracking/current/mule-tracking-ee.xsd
http://www.mulesoft.org/schema/mule/db http://www.mulesoft.org/schema/mule/db/current/mule-db.xsd">
    <data-mapper:config name="CSV_To_Map" transformationGraphPath="csv_to_map.grf" doc:name="CSV_To_Map"/>
    <data-mapper:config name="List_Map__To_List_Account_" transformationGraphPath="list_map__to_list_account_.grf" doc:name="List_Map__To_List_Account_"/>
    <flow name="getBankAccountsFlow">
        <http:listener config-ref="HTTP_Listener_Configuration" path="/bank" allowedMethods="GET" doc:name="HTTP"/>
        <http:request config-ref="Bank_REST_Request_Configuration" path="/customers/{customer_id}/accounts" method="GET" doc:name="HTTP">
            <http:request-builder>
                <http:uri-param paramName="customer_id" value="2"/>
            </http:request-builder>
        </http:request>
    </flow>
     <flow name="getSFDCAccountsFlow">
        <http:listener config-ref="HTTP_Listener_Configuration" path="/sfdc" allowedMethods="GET" doc:name="HTTP"/>
        <sfdc:query config-ref="Salesforce__Basic_authentication" query="dsql:SELECT AccountNumber,BillingAddress,BillingCity,BillingCountry,BillingPostalCode,BillingState,BillingStreet FROM Account WHERE BillingPostalCode = '66045'" doc:name="Salesforce"/>
        <json:object-to-json-transformer doc:name="Object to JSON"/>
        <logger message="#[payload]" level="INFO" doc:name="Logger"/>
    </flow>
    <batch:job name="accountsBatch">
        <batch:input>
            <poll doc:name="Poll">
                <fixed-frequency-scheduler frequency="30" timeUnit="SECONDS"/>
                <watermark variable="lastAccountID" default-expression="0" selector="MAX" selector-expression="#[payload.accountID]"/>
                <db:select config-ref="Training_MySQL_Configuration" doc:name="Database">
                    <db:parameterized-query><![CDATA[select * from accounts where postal = "94116" and accountID > #[flowVars.lastAccountID]]]></db:parameterized-query>
                </db:select>
            </poll>
            <data-mapper:transform config-ref="List_Map__To_List_Account_" doc:name="List&lt;Map&gt; To List&lt;Account&gt; (Deprecated)"/>
        </batch:input>
        <batch:process-records>
            <batch:step name="Batch_Step4">
                <enricher source="#[payload.size()&gt;0]" target="#[recordVars.exists]" doc:name="Message Enricher">
                    <sfdc:query config-ref="Salesforce__Basic_authentication" query="dsql:select Name from Account where Name='#[payload.name]'" doc:name="Salesforce"/>
                </enricher>
                <logger message="#['recordvar:'+recordVars.exists]" level="INFO" doc:name="Logger"/>
            </batch:step>
            <batch:step name="Batch_Step2" accept-expression="#[!recordVars.exists]">
                <logger message="#['recordvar check2 :'+recordVars.exists]" level="INFO" doc:name="Logger"/>
                <batch:commit size="100" doc:name="Batch Commit">
                    <sfdc:create config-ref="Salesforce__Basic_authentication" type="Account" doc:name="Salesforce">
                        <sfdc:objects ref="#[payload]"/>
                    </sfdc:create>
                </batch:commit>
            </batch:step>
        </batch:process-records>
        <batch:on-complete>
            <logger message="#['processed records '+payload.processedRecords]" level="INFO" doc:name="Logger"/>
        </batch:on-complete>
    </batch:job>
    <batch:job name="accountsCSVBatch">
        <batch:input>
            <file:inbound-endpoint path="src/main/resources/input" moveToDirectory="src/main/resources/output" responseTimeout="10000" doc:name="File">
                <file:filename-regex-filter pattern=".*csv" caseSensitive="false"/>
            </file:inbound-endpoint>
            <data-mapper:transform config-ref="CSV_To_Map" doc:name="CSV To Map"/>
            <set-variable variableName="size" value="#[payload.size()]" doc:name="size"/>
        </batch:input>
        <batch:process-records>
            <batch:step name="Batch_Step">
                <set-variable variableName="fname" value="#[payload.Name]" doc:name="Variable"/>
                <batch:set-record-variable variableName="rname" value="#[payload.Name]" doc:name="Record Variable"/>
                <logger message="#['\n\nRcordVar:'+recordVars.rname]" level="INFO" doc:name="Logger"/>
            </batch:step>
            <batch:step name="Batch_Step1">
                <logger message="#['\n\nRcordVar:'+recordVars.rname]" level="INFO" doc:name="Logger"/>
            </batch:step>
        </batch:process-records>
        <batch:on-complete>
            <logger message="#['\n\n Processed:'+payload.processedRecords + 'failed:'+payload.failedRecords+ 'size :' + flowVars.size]" level="INFO" doc:name="Logger"/>
        </batch:on-complete>
    </batch:job>
    <flow name="getCsvAccountsFlow" initialState="stopped">
        <file:inbound-endpoint path="src/main/resources/input"  moveToDirectory="src/main/resources/output" responseTimeout="10000" doc:name="File">
            <file:filename-regex-filter pattern=".*csv" caseSensitive="false"/>
        </file:inbound-endpoint>
        <data-mapper:transform config-ref="CSV_To_Map" doc:name="CSV To Map"/>
        <foreach doc:name="For Each">
            <logger message="#[payload]" level="INFO" doc:name="Logger"/>
        </foreach>
        <logger message="#[payload]" level="INFO" doc:name="Logger"/>
    </flow>


</mule>
