<?xml version="1.0" encoding="UTF-8"?>

<mule xmlns:dw="http://www.mulesoft.org/schema/mule/ee/dw" xmlns:metadata="http://www.mulesoft.org/schema/mule/metadata" xmlns:file="http://www.mulesoft.org/schema/mule/file" xmlns:json="http://www.mulesoft.org/schema/mule/json" xmlns:jms="http://www.mulesoft.org/schema/mule/jms" xmlns:sfdc="http://www.mulesoft.org/schema/mule/sfdc" xmlns:db="http://www.mulesoft.org/schema/mule/db" xmlns:ws="http://www.mulesoft.org/schema/mule/ws" xmlns:mulexml="http://www.mulesoft.org/schema/mule/xml" xmlns:tracking="http://www.mulesoft.org/schema/mule/ee/tracking" xmlns:http="http://www.mulesoft.org/schema/mule/http" xmlns="http://www.mulesoft.org/schema/mule/core" xmlns:doc="http://www.mulesoft.org/schema/mule/documentation"
	xmlns:spring="http://www.springframework.org/schema/beans" 
	xmlns:xsi="http://www.w3.org/2001/XMLSchema-instance"
	xsi:schemaLocation="http://www.springframework.org/schema/beans http://www.springframework.org/schema/beans/spring-beans-current.xsd
http://www.mulesoft.org/schema/mule/core http://www.mulesoft.org/schema/mule/core/current/mule.xsd
http://www.mulesoft.org/schema/mule/http http://www.mulesoft.org/schema/mule/http/current/mule-http.xsd
http://www.mulesoft.org/schema/mule/ee/tracking http://www.mulesoft.org/schema/mule/ee/tracking/current/mule-tracking-ee.xsd
http://www.mulesoft.org/schema/mule/ws http://www.mulesoft.org/schema/mule/ws/current/mule-ws.xsd
http://www.mulesoft.org/schema/mule/xml http://www.mulesoft.org/schema/mule/xml/current/mule-xml.xsd
http://www.mulesoft.org/schema/mule/db http://www.mulesoft.org/schema/mule/db/current/mule-db.xsd
http://www.mulesoft.org/schema/mule/file http://www.mulesoft.org/schema/mule/file/current/mule-file.xsd
http://www.mulesoft.org/schema/mule/jms http://www.mulesoft.org/schema/mule/jms/current/mule-jms.xsd
http://www.mulesoft.org/schema/mule/sfdc http://www.mulesoft.org/schema/mule/sfdc/current/mule-sfdc.xsd
http://www.mulesoft.org/schema/mule/json http://www.mulesoft.org/schema/mule/json/current/mule-json.xsd
http://www.mulesoft.org/schema/mule/ee/dw http://www.mulesoft.org/schema/mule/ee/dw/current/dw.xsd">
    <flow name="getFlightsFromForm">
        <http:listener config-ref="HTTP_Listener_Configuration" path="/flights" allowedMethods="POST" doc:name="HTTP"/>
        <json:json-to-object-transformer returnClass="com.mulesoft.training.FlightRequest" doc:name="JSON to Object"/>
        <flow-ref name="getFlightsFlow" doc:name="getFlightsFlow"/>
    </flow>
    <flow name="getAllAirlineFlightsFlow">
        <scatter-gather doc:name="Scatter-Gather">
            <processor-chain>
                <flow-ref name="getUnitedFlightsFlow" doc:name="getUnitedFlightsFlow"/>
                <filter ref="FilterNotArrayList" doc:name="Filter Not An ArrayList"/>
            </processor-chain>
            <processor-chain>
                <flow-ref name="getDeltaFlightsFlow" doc:name="getDeltaFlightsFlow"/>
                <filter ref="FilterNotArrayList" doc:name="Filter Not An ArrayList"/>
            </processor-chain>
            <processor-chain>
                <flow-ref name="getAmericanFlightsFlow" doc:name="getAmericanFlightsFlow"/>
                <filter ref="FilterNotArrayList" doc:name="Filter Not An ArrayList"/>
            </processor-chain>
        </scatter-gather>
    </flow>
    
    <flow name="appstartFlow">
        <http:listener config-ref="HTTP_Listener_Configuration" path="/sfdc_old" allowedMethods="GET" doc:name="HTTP"/>
        <set-payload value="Goodnight world" doc:name="Set Payload"/>
        <response>
            <logger message="#['Name : '+message.outboundProperties.qpname + 'Type : '+flowVars.qptype]" level="INFO" doc:name="Logger"/>
        </response>
        <set-property propertyName="qpname" value="#[message.inboundProperties.'http.query.params'.name]" doc:name="Property"/>
        <response>
            <set-variable variableName="qptype" value="#[message.inboundProperties.'http.query.params'.type]" doc:name="Variable"/>
        </response>
    </flow>
    <flow name="getFlightsFlow">
        <set-variable variableName="destination" value="#[payload.destination]" doc:name="Variable"/>
        <logger level="INFO" doc:name="Logger"/>
        <choice doc:name="Choice">
            <when expression="#[payload.airline==&quot;all&quot;]">
                <flow-ref name="getAllAirlineFlightsFlow" doc:name="getAllAirlineFlightsFlow"/>
            </when>
            <when expression="#[payload.airline==&quot;united&quot;]">
                <flow-ref name="getUnitedFlightsFlow" doc:name="getUnitedFlightsFlow"/>
            </when>
            <when expression="#[payload.airline==&quot;delta&quot;]">
                <flow-ref name="getDeltaFlightsFlow" doc:name="getDeltaFlightsFlow"/>
            </when>
            <when expression="#[payload.airline==&quot;american&quot;]">
                <flow-ref name="getAmericanFlightsFlow" doc:name="getAmericanFlightsFlow"/>
            </when>
            <otherwise>
                <logger level="INFO" doc:name="Logger"/>
            </otherwise>
        </choice>
        <combine-collections-transformer doc:name="Combine Collections"/>
        <expression-filter expression="#[payload[0] is com.mulesoft.training.Flight]" doc:name="Filter no results"/>
        <custom-transformer class="com.mulesoft.training.FlightSortTransformer" doc:name="sort"/>
        <logger level="INFO" doc:name="Logger"/>
    </flow>
    <flow name="getFlightFormFlow">
        <http:listener config-ref="HTTP_Listener_Configuration" path="/flights" allowedMethods="GET" doc:name="HTTP"/>
        <parse-template location="FlightFinder.html" doc:name="Parse Template"/>
        <logger level="INFO" doc:name="Logger"/>
    </flow>
    <flow name="getAmericanFlightsFlow">
        <http:listener config-ref="HTTP_Listener_Configuration" path="/american" allowedMethods="GET" doc:name="HTTP"/>
        <set-variable variableName="destination" value="#[(message.inboundProperties.'http.query.params'.code == empty) ? 'SFO' : message.inboundProperties.'http.query.params'.code]" doc:name="Set Destination"/>
        <db:select config-ref="Training_MySQL_Configuration" doc:name="Database">
            <db:parameterized-query><![CDATA[SELECT * FROM flights where toAirport = #[flowVars.destination]]]></db:parameterized-query>
        </db:select>
        <expression-filter expression="#[payload != []]" doc:name="Expression"/>
        <dw:transform-message metadata:id="367b07d9-b115-4fdf-aa29-3701e2f02226" doc:name="Transform Message">
            <dw:set-payload><![CDATA[%dw 1.0
%output application/java
---
payload map ((payload01 , indexOfPayload01) -> {
	airlineName: payload01.airlineName,
	availableSeats:  0 as :number,
	departureDate: payload01.takeOffDate as :string,
	destination: payload01.toAirport,
	flightCode: payload01.code1 ++ payload01.code2,
	origination: payload01.fromAirport,
	planeType: payload01.planeType,
	price: payload01.price as :number
})]]></dw:set-payload>
        </dw:transform-message>
        <logger message="#[payload]" level="INFO" doc:name="Logger"/>
    </flow>
    <flow name="getDeltaFlightsFlow">
        <http:listener config-ref="HTTP_Listener_Configuration" path="/delta" allowedMethods="GET" doc:name="HTTP"/>
        <ws:consumer config-ref="Delta_Web_Service_Consumer" operation="listAllFlights" doc:name="Web Service Consumer"/>
        <mulexml:jaxb-xml-to-object-transformer returnClass="com.mulesoft.training.FlightArray" jaxbContext-ref="JAXB_Context" doc:name="XML to JAXB Object"/>
        <expression-filter expression="#[payload.flights != null ]" doc:name="Filter no results"/>
        <set-payload value="#[payload.flights]" doc:name="Set Payload to Flights"/>
        <custom-transformer class="com.mulesoft.training.FlightSortTransformer" doc:name="Java"/>
        <logger level="INFO" doc:name="Logger"/>
    </flow>
   
    <flow name="getUnitedFlightsFlow">
        <http:listener config-ref="HTTP_Listener_Configuration" path="/united" allowedMethods="GET" doc:name="HTTP"/>
        <set-variable variableName="destination" value="#[(message.inboundProperties.'http.query.params'.code == empty) ? 'SFO' : message.inboundProperties.'http.query.params'.code]" doc:name="Set Destination"/>
        <http:request config-ref="United_REST_Request_Configuration" path="/{destination}/e" method="GET" doc:name="HTTP">
            <http:request-builder>
                <http:uri-param paramName="destination" value="#[flowVars.destination]"/>
                <http:uri-param paramName="destinatio" value=""/>
            </http:request-builder>
        </http:request>
        <expression-filter expression="#[payload.available() != 0]" doc:name="Expression"/>
        <json:json-to-object-transformer returnClass="com.mulesoft.training.FlightArray" doc:name="JSON to Object"/>
        <set-payload value="#[payload.flights]" doc:name="Set Payload to Flights"/>
        <logger level="INFO" doc:name="Logger"/>
    </flow>
</mule>
