<?xml version="1.0" encoding="UTF-8"?>

<mule xmlns:context="http://www.springframework.org/schema/context" xmlns:cluster="http://www.mulesoft.org/schema/mule/ee/cluster" xmlns:db="http://www.mulesoft.org/schema/mule/db"
	xmlns:ws="http://www.mulesoft.org/schema/mule/ws"
	xmlns:mulexml="http://www.mulesoft.org/schema/mule/xml"
	xmlns:http="http://www.mulesoft.org/schema/mule/http"
	xmlns:sfdc="http://www.mulesoft.org/schema/mule/sfdc"
	xmlns:jms="http://www.mulesoft.org/schema/mule/jms"
	xmlns="http://www.mulesoft.org/schema/mule/core" xmlns:doc="http://www.mulesoft.org/schema/mule/documentation"
	xmlns:spring="http://www.springframework.org/schema/beans" 
	xmlns:xsi="http://www.w3.org/2001/XMLSchema-instance"
	xsi:schemaLocation="http://www.mulesoft.org/schema/mule/db http://www.mulesoft.org/schema/mule/db/current/mule-db.xsd
http://www.mulesoft.org/schema/mule/ws http://www.mulesoft.org/schema/mule/ws/current/mule-ws.xsd
http://www.mulesoft.org/schema/mule/xml http://www.mulesoft.org/schema/mule/xml/current/mule-xml.xsd
http://www.mulesoft.org/schema/mule/http http://www.mulesoft.org/schema/mule/http/current/mule-http.xsd
http://www.mulesoft.org/schema/mule/sfdc http://www.mulesoft.org/schema/mule/sfdc/current/mule-sfdc.xsd
http://www.mulesoft.org/schema/mule/jms http://www.mulesoft.org/schema/mule/jms/current/mule-jms.xsd
http://www.springframework.org/schema/beans http://www.springframework.org/schema/beans/spring-beans-current.xsd
http://www.mulesoft.org/schema/mule/core http://www.mulesoft.org/schema/mule/core/current/mule.xsd
http://www.springframework.org/schema/context http://www.springframework.org/schema/context/spring-context-current.xsd">
	<http:listener-config name="HTTP_Listener_Configuration" host="0.0.0.0" port="${http.port}" doc:name="HTTP Listener Configuration"/>
    <http:request-config name="United_REST_Request_Configuration" host="${http.host}" port="${http.portNum}" basePath="${http.pathUnited}" doc:name="HTTP Request Configuration"/>
    <http:request-config name="Bank_REST_Request_Configuration" host="mu.mulesoft-training.com" port="80" basePath="/build/banking/rest" doc:name="HTTP Request Configuration">
        <http:raml-api-configuration location="https://anypoint.mulesoft.com/apiplatform/repository/v2/organizations/fd604b43-365c-42e8-810f-733a2b7f411f/public/apis/9565/versions/26302/files/root"/>
    </http:request-config>
    <ws:consumer-config name="Delta_Web_Service_Consumer" wsdlLocation="http://mu.mulesoft-training.com/essentials/delta?wsdl" service="TicketServiceService" port="TicketServicePort" serviceAddress="http://training-u.cloudhub.io/essentials/delta" doc:name="Web Service Consumer"/>
    <db:mysql-config name="Training_MySQL_Configuration" host="${db.host}" port="${db.port}" user="${db.user}" password="${db.password}" database="${db.database}" doc:name="MySQL Configuration"/>
    <jms:activemq-connector name="Active_MQ" specification="1.1" brokerURL="tcp://54.69.115.37:61616" validateConnections="true" doc:name="Active MQ"/>
    <sfdc:config name="Salesforce__Basic_authentication" username="sekhar.a.in@gmail.com" password="@@Salesforce123" securityToken="B3TC4M0LPv87ydh8DAYbfAMql" doc:name="Salesforce: Basic authentication"/>
    <mulexml:jaxb-context name="JAXB_Context" packageNames="com.mulesoft.training" doc:name="JAXB Context"/>
    <payload-type-filter expectedType="java.util.ArrayList" name="FilterNotArrayList" doc:name="Payload"/>
    <configuration defaultExceptionStrategy-ref="globalChoice_Exception_Strategy" doc:name="Configuration">
        <http:config useTransportForUris="false"/>
    </configuration>
    <context:property-placeholder location="appstart-${env}.properties"/>
    <choice-exception-strategy name="globalChoice_Exception_Strategy">
        <catch-exception-strategy when="#[exception.causedBy(org.mule.api.expression.ExpressionRuntimeException)]" doc:name="Catch Expression Exception">
            <set-payload value="#['Application is currently UNAVAILABLE']" doc:name="Set Payload"/>
            <logger level="INFO" doc:name="Logger"/>
        </catch-exception-strategy>
        <catch-exception-strategy doc:name="Catch All Exceptions">
            <set-payload value="#['Data is currently UNAVAILABLE']" doc:name="Set Payload"/>
            <logger level="INFO" doc:name="Logger"/>
        </catch-exception-strategy>
    </choice-exception-strategy>
</mule>
